regarding fan translations,hey everyone a short hike now has multilingual support there are currently official french spanish japanese and brazilian portuguese translations of the game i'm not planning to add additional official translations at the moment making fan translations a number of fan translations have already been made for a short hike i think this is really cool and i'm so happy that people took the time to translate the script which isn't short to new languages since version 17 you can now easily modify the dialogue files for the game without modding it however just keep in mind that fan translations will not be officially added to the game once they are completed if you're working on a fan translation please consider sharing it on the   this makes it easier for people to find and collaborate on translations editing game dialogue in the ashorthikedata folder you can find a file called langcustomyarnlinescsv this contains all the dialogue in the game in the csv format if you rename it to remove the first underscore it will appear in the languages menu ingame allowing you to load it to give your translation a name you can rename it to langmylanguageyarnlinescsv and it will still show up as mylanguage in the menu i recommend editing the spreadsheet in google sheets since it will always preserve the correct csv delimiters other character sets to force the game to use different character sets you can add a font row to the csv only three other character sets are supported right now linecode  linetext font  chinese1201001 font  korean162 font  japanese122 font  cyrillic16 feel free to reach out to me via  discordgg  or  adamgryucom  for support installing fan translations after downloading a file called langmylanguageyarnlinescsv drag it into the ashorthikedata folder wherever the game is installed then just relaunch the game and the translation should appear in the language settings here are some finished fan translations i've found so far  note that i was not involved in their creation in any way and cannot vouch for their quality german korean russian czech turkish by berfuji italian chinese stay safe out there  adam
faq  can i adjust amount of pixelation,i designed the game with the pixelated look in mind and i like it however i get that it's not everyone's cup of tea if you want to adjust the pixelation options > graphics > pixel size this will allow you to decrease the effect or remove it entirely hope this helps
discord server,pleeease set up an official discord server
battle royale coming april 1st this year,i missed it last year lol
how many feathers to be able to climb,the theory is that i need 8 or so right after collecting 10 i'm still unable to move fast enough to stop them freezing perservere
missing achievements,went through and finished the game and nearly all achievos if not all of them and steam just didn't want to recognize it completely had to restart steam and then when i went to sleep in game it gave the ending achievement but i already collected all 22 feathers gold and silver watered nearly every plant if not all etc etc i really don't like replaying through games any suggestions here
5 years later and this game is still amazing,this game lived on my backlog for so long and i regret it finished it and reviewed it   are there any games with similar vibes
why is this game so highly rated,what makes this game a pure masterpiece
‰∏∫‰ªÄ‰πà‰ΩøÁî®‰∫Ü‰∏≠ÊñáË°•‰∏ÅÂêéÊ∏∏ÊàèÊó†Ê≥ïÊòæÁ§∫‰∫ÜÔºü,Â¶ÇÈ¢òÔºåËøòÊúâ‰ªÄ‰πàÂäûÊ≥ïÊ±âÂåñÂêótt
cheatsplz,is there a complete list of cheats for short hike  so far i know about boatplz to toggle tank controls i'd love to hear about any more 3 edit woo internet
is there any chance of a sequel,this game is so beautiful and well made it would be really cool to see an evolution of it
didn't get hawk peak and l long nap,i've reached the top of hawk peak flew back down talked with her aunt then went to sleep all in yesterday yet i have neither the hawk peak nor the long nap achievement did anyone encountered this am i missing something
chest bounces not working,i was just messing around in the game and i tried to do chest bounces but i can't seem to do them anymore after the patch i was wondering whether it is a skill issue on my end or it got patched thank you for reading this
what'll happen after taking the nap,i just finished the hiking and want to know whether the game will completely ends and this achieve would be unplayable or i can continue my journey after the nap i'm uncertain about if i should do that can anyone answer me
missing lighthouse parkour race,i'm trying to do the parkour races and i can't seem to get the lighthouse race start i've done the royal ridge and the hawk peak mountaintop races but those are the only two rematches available every time i call avery he's either at royal ridge or the visitor centre so i'm not sure how to get the lighthouse race going  i also can't find where the starting tree for it would theoretically be so i can't even just fly around that area hoping avery shows up
17 fails to launch on mac,since the update to 17 a short hike fails to start on my imac running catalina 10155  i get a steam popup saying os error 4294956486
help my save file doesn't load,i have been playing the game on gamepass and then bought it on steam i was progressing well in my game until one day my pc suddenly shut off now the game doesn't want to start my game but it does let me create new ones and navigate the menu does my save file have any salvation or should i resign myself to starting the game from scratch again
other games with similar control gameplay style,i really loved controlling claire and exploring around with her so i was wondering if there were other games with the same or pretty similar control gameplay style
how do i exit the binoculars w  keyboard and mouse,got stuck  looking through the binoculars
xbox controller issues,i use a xbox one bt controller and 1 it is detected as a trash chars string in the advanced controller option  instead of something like xbox controller or anything else 2 the game uses annoying press b0 b1 b2 b3 instead of correct abxy is there a workaround fix for this gamepad does work at least but device name and buttons are incorrectly displayed
xbox controller  pressing b randomly opens menu,this is actually for the gog version of the game but i'm posting here for extra visibility i'm having an issue with my xbox wireless controller on win 10 where pressing b will sometimes open the menu the same as pressing y this is incredibly annoying and it means that i can't fish since it opens the menu sometimes instead of reeling in the fish i'm using the official wireless adapter for windows i've tested the controls via the menu and in the test screen they appear to be detected fine it's just that when playing the game it acts as though b is interpreted as y about half the time has anyone come across this before it's a shame since i'm enjoying playing the game otherwise but this is frustrating
max amount of coins,your total amount of coins at the end after buying everything and finding all the coins should be 1291 you can remove 25 coins from that if you bought the sunhat at higher price you can remove 60 120 or 180 if you didn't give 400 coins to the though boy as soon as possible you can add 7 14 or 21 if you take off the coins from the medals i used this map  to find all the coins there are 4 coins with the slides off description these coins will slides off into oblivion after loading the game you need to be near them when loading to get them
i think im in love with this game,how can i find more games like it pls help
problems with controller xbox windows 10,hi everybody i really would like to play this with my xbox controller but it doesn't work at all  strangely enough the game does recognize my two xbox controllers  but neither does anything no button push does anything  did anybody have similar problems on windows 10 would be happy for any kind of solution i really want to play this gem with my controller   thank you
can't play beachstickball bug,i played it when i first launched the game got a score of 15 and quit sometime later wanted to play some more later and found that interacting with either character doesn't prompt you to play is it a bug or am i just missing something
map,is there a map from the whole isle
achievements not unlocking,i didn't find any fixes here for my problem any help
why did you buy this game,i'm currently a bit confused i received this game for free on egs as anyone who is a rational gamer would have are people purchasing this game on steam if so why it was offered for free to keep permanently on the egs
trading cards,it'd be pretty cool if this game had a trading card system i reckon badges for this game would be adorable
a stormy view bug,i found the   crumbling blue house near the cemetery   and thought it looked like somewhere that treasure might be hidden i got the treasure before getting the treasure map that led to it and now whenever i read the a stormy view treasure map it doesn't say i think i've already got this one afterwards
horrible controls,i need to get a rant or a scream off my chest here this is a lovely game but it does not help at all i can barely control the little monster of a character let alone pan the camera around to see where i am going especially in regards to trying to fly to golden leaf this is the opposite of what a game is supposed to do instead of fun i've driven myself to motion sickness and being really upset with the game itself forget accessible to those with difficulties it's barely accessible to those of us without them
how much reading is in this game,i bought the lil' gator game for my 5 year old daughter and she likes playing it a lot but i have to read everything to her and there is a lot more to read than i thought there would be so i was wondering how much reading is in this game is there a lot a little is reading needed to have fun  i've done a lot of reading for my girl on the gator game and wasn't wanting to do tons of reading on another
do people play nonpixelated,i've seen a lot of people playing nonpixelated which is strange to me because i feel the pixelation adds a lot of charm to the game i love the 'big and crunchy' setting so what do you guys play on
question regarding boat mini game   achivement,hello im having a lot of problems trying to manouver the boat  in  the mini  game of the boat  i cant manouver the boat all im playing currently with  keyboard and mouse because i dont have a joystick    is the mini game this hard  because im playing with keyboard and mouse i didnt have any problems trough the game playing like this  but this mini game is sooo hard to play with keyboard and mouse  does change playing that mini game with controller i want the last 2 achivements tied up to the boat mini game zz
ultrawide fix,tried a hex edit to no avail would love to play this without the black bars
remember this day forever,does anyone have any tips on getting the achievement 'remember this day forever' i'm finding it a bit difficult with a keyboardmy best score has been 20 hits
my thoughts and questions after reaching the top,i've just played and finished this game it was for free on epic game store first the camera is just awful it is by far the biggest reason for me to stop playing after i reached the top after about 1h15m second having no map is a real annoyance for an otherwise extremely pleasant game the compass is pretty useless for me 1 is there a mod which adds a map 2 because i play on egs i don't think there are any achievements right 3 is there a way to turn the camera manually
the last feather bug,hey everyone i'm trying to get all the golden feathers but it looks like i'm blocked at 19 and i don't know why i've looked on internet for all the feathers locations and i just can't find the last one that is missing i don't know wich one btw is this a bug or could someone help me on this please
a few questions,1 is there any promotional content ie anything only available for a limited time or more complicated than just buying dlc 2 is there anything permanently missable even rewards for fulfilling specific conditions 3 is this game identical on all platforms including the switch version having an ingame achievement system 4 are there any bonuses for having save data from a different video game
new features,for a small game that costs 10 dollars and a game that is worth like 2 hours of playtime to complete i think we have what is kind of a complete version of the game however they should add some more secrets achievements or maybe some more open world stuff like cars planes vehicles more characters and more side quests
trading cards,for a game that is very simple relaxing and enjoyable don't you think they should add trading cards first of all you can just make the trading cards just on the certain characters claire bumps into like the rock climbers the dude who lost his watch the guy who sells overpriced feathers and so on second it would be awesome if we can get a badge that shows our appreciation to the game
a short  hike 2,is this be something the devs would consider would be nice to see more fun mini games added like karting and perhaps cave exploration or underwater stuff thanks
saves,how do the saves work  is it manual saves or auto saves at checkpoints or some other method
shouldn't be steam deck verified,title screen says press a and nothing happens at all no bluetooth controller or anything just straight up trying to play on the steam deck does not work
a short hike not loading on my mac,i can open the game from steam but after the initial animation in a circle and the 'humble' logo it's just a blank screen with the spinning beach ball of doom  i end up needing to force quit since the game is not responding and fails to load i have not been able to play the game at all since buying it and am struggling to figure out if there's anything i can do
mac + xbox controller not working,played the game on my windows 10 pc with an xbox controller and it all works properly installed on my mac today so i could play away from the desk but the xbox controller just acts crazy when i press buttons on the main menu abxy do nothing the dpad just makes the menu spaz out right goes down sometimes then left then right then down etc something else launches a steam screen record feature and that's all i can do i can't even go back or make any selections the same controller works perfectly with other games like vampire survivors towerfall big picture mode etc but not this game for some reason tried a beta version as well but that didn't fix the issue it also takes like 23 minutes to get to the main menu from a black screen on mac main menu also says press z to start with controller connected any advice for getting my controller to work though i see this has been an ongoing issue in some old threads edit added additional info
is the music for you on while ciimbing to hawk peak scractchy,i've never had issues with my speakers but it's possible they could be being peaked by the high pitch sounds i suspect the file is too compressed but i haven't ruled out every possibility i had hoped the files would be in a standard format so i could replace them with the bandcamp version but alas they are not
thank you devs,playing a short hike felt like getting a compliment from someone or getting an unexpected gift from a relative i genuinely did not expect a steam game to make me feel so good with no ulterior motives like getting me to purchase lootboxes or whatever it's just genuine positive fun  you guys made the world a bit better thank you
achievements not working in steam,i had this game by gog and finished it now i bought it on steam and wanted to play it again to get the achievements here but even starting again all the achievements are already unlocked inside the game but not in steam how can i unlock it or at least make a complete reset in the game registry so i can do it again please thanks
actually rainbow trout,it's my last fish in the fishing journal which i fish in the deep water for like an hour but still couldn't get any is there any location to make it fish easier
ps4 controller registers as xbox 360 controller,just started playing and for some reason the game registers my dualshock ps4 controller as an xbox 360 one meaning all the button icons are wrong not gamebreaking just annoying also the camera controls are inverted which isnt the biggest deal for this game specifically but there doesnt seem to be a way to invert them any advice on how to fix these issues thank you in advance
how similar,i've been playing a lot of haven park recently with my daughter  i recently came across this game of which looks very similar
mod setting to remove the brown out on distant features,love the game to bits but always find it a bit of a shame the game browns out distant features any time you have a long sightline such as when flying or using a stationary telescope is there any existing mod method of removing this could be this causes single digit fps
postcompletion activities,i have a suggestion i think would be fun to have  easter egg style hunting for some temporary bonus items for example an extra feather that gets spawned in random location on the map possibly with a general area hint similar to those treasure notes the hint notes can have a few like 4 specific spawn locations and a note spawns at one of the preset locations at random so yeah some bonus daily spawns that add something peculiar even like a few different hats skins an extra feather different flight trail effects etc all of which last temporarily like a day in real time  also please the ability to reset the hunt manually it's quite fun to traverse the map just after i have found everything  it feels empty i would like to revisit the game but i've already explored it extensively so would be nice to be able to use that knowledge of the game for some fresh extra activities
Ê∏∏ÊàèËÉΩÂê¶ÈÄÇÈÖç‰∏ãapple siliconÁöÑmacËøòÊúâÊîØÊåÅ‰∏≠Êñá,Ê∏∏ÊàèËÉΩÂê¶ÈÄÇÈÖç‰∏ãapple siliconÁöÑmacËøòÊúâÊîØÊåÅ‰∏≠Êñá
ps4 controller inputs not recognized macbook m1,what more can i say just bought the game on store it says full controller support i boot it up in big picture and my bluetooth connected ps4 controllers inputs are not being recognized at all theyre not recognized in menu not detected in settings and not recognized in game either anyone have any ideas
beachstickball,i currently have 8 hours playtime and i swear about 4 of those has been trying to get to 30 in beachstickball i just can't get passed 25
sound while game is not focused,i wonder if anybody managed to have the sound of the game playing even when the game is not focused  i really want to work study with the music and atmosphere of the game but every time i focus another window like my mail client the sound of the game is muted
cannot play on steam deck,i have a regular steam deck with the latest updates when i launched the game it has press z to start no buttons did anything so i bought up the on screen keyboard and pressed z there which brought me to the next menu in this menu i could not use the touchscreen or the on screen keyboard to move to options  it is completely unplayable i could maybe make a custom control mapping for the inputs in steam but who knows what lies down that rabbit hole when i can't even find out what bindings there are without googling it  i understand that input detection is difficult but the correct answer is not to lock out inputs you should always listen for and respond to any input that the player might use  input detection should be used to prompts only and should automatically switch based on whatever the last type of input received was
will the steam version be identical to the humble original release,and if the steam release receives updates will the humble build be updated as well
golden feathers randomly disappearing,my kid's really been loving this game unfortunately for some reason when she's climbing a lot near hawks peak her golden feather total just vanishes not the normal freezing reheating thing like completely deleted from inventory only fix i can think of is a complete restart with a fresh new game any reason for this ways to avoid or get feathers back
similar game recommendations,really enjoyed this game other games i could recommend with a similar vibe and enjoyable mechanics would be toem grow home and its sequel grow up got any other recommendations
parkour race,i've finished all 3 races and gotten the medal but it didn't give me the race achievement i'm not sure what to do
removing the fog,is there any way to remove the fog this game is aesthetically gorgeous but the core concept of the game is nearly always ruined by the refusal to fully render anything that isn't within a relatively short distance considering i gathered my feathers reached the peak of the mountain and began my highflying victory lap of the world below only to be greeted by a field of tan this really defeats the purpose of the game i want the option to see further once you have more than 10 feathers and access to more places the game becomes an incomprehensible expanse of tan and to a directionally challenged player who is forced into the desired camera angle of the devs that means i have absolutely no idea where anything is ever no way to find out and no way to appreciate the island on a larger scale to get my bearings this really soured me on the game it's a comfy mostly polished gem but the clunky item system and this massive oversight make me hesitate to echo the praise it has been given
humble key still missing,good day it looks like the humble keys are still not up can i get a steam key somehow i would like to experience this game too
chances for more updates,i was really surpriased to find the newer achievements or the multiplayer mod for april sadly didn¬¥t manage to test that out does anybody think the game will add even more stuff down the line even if it¬¥s just small bits or do you prefer a new one dlc me personally for example would love to have separated save files so i could keep my 100 save and also start a new one  i¬¥m all in for anything i love this game
translate game,i love this game so much i wish my cousin could have as much fun as i did but he has a hard time with english i'm willing to translate the text if needed not sure if its something that easy to implement in the game i would translate it to portuguese
transfer achievements from bundle pack,hi i bought the game while ago  and decided to play yesterday so today  i bought on steam but the game opened on the same point as the bundle that i bought  i finished the game but the achievement list didn't updated how can i update my achievement list on steam with the ones that i already got
bug got stuck between rock and wall,got stuck between a rock and the wall next to the beachstickball court screenshot    none of the controls really work the character is stuck in a falling state but i can't even glide out is there a cheat that will teleport me back to the start i'm not very far along but i'd like to not start over
this would be so cool if it had a multiplayer mode,relax with friend ahhhh
could someone offer me a completed save file,hello so i mainly play games for achievements nowadays to keep me moving on from one game to the next and not spend so much time just playing the same game over and over again looking at you endlessly moddable skyrim i finished this game's set of achievements back in february but now the game just pushed out four new ones since then i've switched over to linux and reinstalled windows fresh and today realized that my original completed game was lost to the reformat since it's tucked away in the appdata folder and i wasn't backing that up manually would anyone be able to provide me with a copy of a completed saved file i'm not specifically interested in spending the few hours to redo what i've already done once in this game  thanks
üê¶ a short hike 99  a multiplayer mod üê¶,from the dev twitter this was supposed to be some sort of april fools joke but i don't wanna confuse anyone so i'm just gonna drop some facts factsüëá ‚≠êÔ∏è it's a rough mod üö´ this won't be an official game mode sorry ‚û°Ô∏è test it here
vacation maximized trophy,i think i've got a problem i got all the throphies but the vacation maximized trophy didn't unlock did i do something wrong
black screen apple m1,when launching the game on an apple m1 system all i get is a black screen i‚Äôve come across this issue before and it is relating to the version of unity used in the game other developers i‚Äôve pointed this out to have fixed their games accordingly please consider this thanks
the game keeps crashing upon launch,i managed to play a short hike for a couple of hours but then after closing the game and restarting it it wouldn't launch this happened multiple times and it just won't launch i have tried uninstalling and reinstalling the game also verifying the game's file integrity i don't really know what to do and how to get it to launch
rare fish,out of curiosity has anyone discovered any secret fish i caught every rare fish variant for each of the journal fish but neither npc seemed to care  there's probably nothing more and it's just for personal satisfaction but i wanted to ask if i was missing something  some wholly new special fish that can only be caught with the journal reward  slightly weird that there's zero reward for  actually  completing the journal
arrow keys,is there any way to move without arrow keys because i have a 60 keyboard and you also need arrow keys to get to the options button
ps4 controller on mac help,hello just got this game today and am having a lot of trouble getting my ps4 dual shock controller to work properly on my mac connected with a usb cable i can use the controller in the game if i do not select the ps controller option however the analog stick stops working at full extension so the only way to play is by only slightly moving the analog stick in the direction i want to go if i push it close to the max the game stops reading or wrongly reads the input and my character will either stop moving or go in a different direction if anyone knows how to solve this problem i would really appreciate it thanks
treasure map,where is the sid beach i cant find the beach where a treasure i hidden between two mossy stones
ËØ∑ÈóÆÊ∏∏ÊàèÂ≠òÊ°£ÁõÆÂΩïÂú®Âì™ÈáåÔºü,ÊÉ≥Êç¢Âè∞ÁîµËÑëÁé©ÔºåËã¶‰∫éÊ≤°Êúâ‰∫ëÂ≠òÊ°£ÔºåÁîµËÑëËã¶ÊâãÊâæ‰∏çÂà∞Â≠òÊ°£ÔºåÊñ∞ËÆæÂ§á‰∏äÂ∞±ÊòØÈáçÊñ∞ÂºÄÂßãnew game‰∫ÜttÂª∫ËÆÆÂºÄÂèë‰∏Ä‰∏ã‰∫ëÂ≠òÊ°£‰ª•ÂèäÊõ¥Êñ∞Ê±âÂåñ„ÄÇwe need chinese
is there a lot of parkour,my fingers aren't very nimble i'm not good at parkour games but the story looks delightful how are the controls for the parkourchallenged
boating challenge,i may just be dumb but where is it thanks in advance btw
who added new achievements to this i was at 100,now i have no recourse but to redownload reinstall and replay this ‚ô•‚ô•‚ô•‚ô•‚ô•‚ô•‚ô• awesome relaxing adorable fun game again what a world
what is wrong with the boating mechanics,i cant do a full 360 by pushing my stick in either direction boating controls are making me wanna not 100 percent this game even though it has been amazing up to this point anyone know what i might be doing wrong
camping permit,it says to do overnight camping at the campsite anyone know what that is thanks
need ost,oh i love the background music is it original or if it's original i wonder if you have the idea of releasing dlc about that
not a scratch not unlocking,my file had a best time of under 30 seconds on the boat challenge before the new achievements were added i went completed the challenge again not as good as my pb but still well under the 45second threshold and it didn't unlock afterward i thought okay it's called 'not a scratch' maybe i have to do it without bumping into anything so i did just that and still nothing am i missing something here or is getting a new pb required for the achievement to trigger
mmmm  release one patch and no new content for over a a year,june 2020 is the first and last patch  yet the game is 'overwhelmingly positive' something doesn't add up did they release the perfect tile out of the gate
hiking questions,1 was there any preorder limited time exclusive content even bonuses for owning a different video game 2 is there anything permanently missable even rewards for playing in a specific way 3 will this game be identical on all platforms including the switch version having an ingame achievement system and if not do you have to go out of your way for them if you intend to fully complete the game 4 will the ps4 trophies be the same as the steam achievements
running shoes location,where are the running shoes located i want to race with avery but i wanted to get the running shoes first i talked to all the runners going around in circles but no clues are to where to get the shoes
any idea what the dev is working on now,a sequel dlc another game entirely
parkour race bug,i did the races out of order and now one of them isn't available for me i did the building one first and then the mountain top now avery only stays at the mountain top race start location and won't give me an option to do the lighthouse race
how do i see the time,trying to get the toast achievement how do i know when it's 5pm
is there no way to change the controls,seems like a really good game but i will remove my brain from my skull with my bare hands if i have to play this with arrow keys literally impossible to actually have fun more than 10 of the time in this game because of these ‚ô•‚ô•‚ô•‚ô•‚ô•‚ô• controls
epic games sale,any chance that this is going on sale on epic store i would buy it here on sale but i know you make more revenue on epic games store
fish bait,is there a steady supply of fish bait anywhere i'm not having any luck digging any bait up
bug in the parkour achievement,hi everyone   i think i win all the races i found 3 available races because avery gave me a medal i was able to destroy it right away lol  but the achievement did not unlock should i try again the races  or did i miss something  thanks for the help   sachouw
hard puzzles,thanks
hidden cave for shortcut,does anyone realize that there are hidden caves can be a shortcut i found one around the mountain but said it cant be used cause another side is locked has anyone found the other side of it i just found one near the electricity tower that can lead us to the goat's camp
sitting animation,the sitting animation for fishing is really cute and my question is can you get claire to sit without fishing
german language,hello devs any chance in the near future for a german addon
i cant change the items,so i have picked up a stick and now i can not change the item to anything else how do i unequip the stick to my other items
issues with general usb controller,hey so i just bought the game and i started having issues with getting input from my controller i've gotten it to register me pressing the a button once or twice but immediately after it doesn't register anything from it i have tried using the advanced controller configuration in the game and it doesn't really change anything it just isn't recognizing my controller the controller does work on other games i used it for celeste immediately after and had no issues it is being recognized by my computer as a controller  i don't know if it really matters but it is a gamecube controller connected through a usb adapter probably a really stupid and easy solution but i'd really like to play the game with a controller and this is my only controller thanks for any help update still having an issue but i have a better idea on why so anytime i start the game it takes the first input from my controller so i know it is recognizing my controller correctly but after that first input it stops recognizing my controller i opened the community tab while the game was running and then shut it and it recognized one input from my controller again and stopped recognizing again have not really any idea what to do from here i uninstalled and reinstalled the game i am on windows 10 i tried disabling the community tab no dice
i cant change the items,so i have picked up a stick and now i can not change the item to anything else how do i unequip the stick to my other items
really loved this game,i played it one the epic store so i can't write a proper review here so i just wanna let everyone know that this game was amazingly charming lovely and just a great experience and looking at the steam achievemetns there's so much stuff i haven't even seen yet big recommendation to everyone
can't get passed start screen,it says press b0 or something like that what the hell is that
need dlc for sure,just love the game
cannot start the game due to wireless keyboard,when the game boots it starts a game all by itself and then jitters and goes between calling up the options screen and killing claire by controlling her into the falls or over an edge i have yet to start a game i can play and have tried to start one with without an xbox controller i have rebooted the game multiple times
achievements bug,i have finished the game with all the achievements but i got only a few of them i even have screenshots of doing the tasks that require the achievements but game doesn't seem to recognize it i don't get it
world boundary,at the edges of the world i broke the boundary which causes a hillarious speed boost that just shoots you up to the peak with 3 golden feathers
problems with joystick installed,hello on my pc i have a ps2 style controller + a hotas saitek x52 stick and when playing a short hike i cannot proper control  the main character as the saitek hotas mixes with the ps2 controller is there any way to properly play without unisntalling the saitek stick thanks
similar games,so i got this game from being a humble monthly subscriber and what a joy being used to only play violent games i really enjoyed this change of pace can anybody recommend me similar games of exploration and wholesomeness the only requisites are no combat and no farming anything else is fair game
long load time,i used save and quit at the peak now when i use continue from the main menu i get what appears to be an infinite loading screen restarting produces the same result the game shouldn't take long to load should it is there something i can try to fix it
where is the lighthouse parkour,i beat avery three times in the abandoned building parkour and mountaintop parkour  but when i asked for a rematch he only offered me two parkour routines that i've already completed  how can i find the third parkour
beacksticks game achievement,i've been playing beachsticks for 15 mn and don't get me wrong it's fun but did anyone else notice that the longer you play the more a patter emerge your teammate opponent throws the game after either 7 15 or 21 hits it's always these numbers and suddenly he throws the ball way in the back or too much to the right or left to catch  anyone else or is it just me being really bad at the game and finding patterns where there's none
i need help where is the treasureÔºÅÔºÅÔºÅ,it says between the mossy stonesand lie upon the sid beachi saw someone said that it was near by climb wallbut i dug everywhere still nothing tt
changing the color of the sun hat,hello when i played on my previous computer i was able to change the color of the ribbon just by talking to the girl but with my new run i can't on the other hand i can now see red islands and rent a speedboat weeeeee am i missing a prerequisite or something  wonderful game
sand castle city province doug ford reference,hahah running for premier so he can exert control over the city that shunned him hahah
xbox one controller not working,title this is like the most common controller people tend to use for games on pcthe store page claims full controller support what am i missing here
obsessed over a sparkling rock,hi  i¬¥m getting obsessed with a sparkling rock i tried to hit it with the pick but doesn¬¥t work  what can i do with that glittering rock ibbco
i need help i cant find or unlock the 3rd race,i dont know where it exactly is i bet the rainy area for lik dozens of time can anyone help
multiplayer,is there going to be a multiplayer mode
is the pretentious warning when disabling the pixel filter really necessary,it's great that you included the option to disable the pixel filter but the giant warning when turning it off is ridiculous  it has zero impact on the gameplay or the narrative it's nothing more than an aesthetic choice  forcing people to click through an info box about how the game will be adversely affected by turning it off is not only insulting but it's not necessary  let your users make their choice without trying to guilt trip them over it
nintendo switch please,i would love to have this on my switch please consider a port i know nintendo is probably a pain in the butt but i know a lot of people would love to have this on switch
took me less then 2 hours with my 5years old kid to finish the game now what,i hope he makes a 2 i thought that was the tutorial and that there was another harder island game was fun amazing  but i want more
how short is the hike,pun intended how short is the game
john romero loved the game,so i was watching this podcast today featuring mr romero and i stumbled upon this little sequence where he voices his appreciation for the game just thought of letting the developers know  i haven't got the chance to play it yet but i'll definitely put it on my list  minute 3434
no 20 feathers achivements,hello guys i have 20 feathers last one i take it with the boat challenge of the update but the game dind't gave me the achievement in steam how can i resolve this problem thanks
french translation offer,hello @grilledcheese hello dev team as many people i discovered your game via humble monthly and i instantly loved it now that it was released on steam i am wondering if you are interested in translating it in french i do offer to translate it for you for free that would be a way for me to thank you for this great present you made to us gamers please let me know if you feel interested even if you don't want to get into this right now my offer will still be available update french translation has been completed and you can download it
save is gone,my save is gone after i install it on a different laptop any way to retrieve that
treasure maps,i have found the map that leads to the lighthouse but i read somewhere that there are 3 i cannot find any information about the other two i feel like i've searched the entire map the only thing i can think of is that i haven't done any of the races yet
the fourth treasure map,where is the fourth treasure map
is it possible to help the friend near the top spoilery,i really want to help him  i have 10 feathers and he won't take 6 of mine  do i just keep getting feathers until he'll take them how can i help him
playable on 32bit linux,hi there  i downloaded this game to my ubuntu 1604 32bit machine and apparently there is only an executable for 64bit systems at least i can only find ashorthikex8664 steam is reporting an missing executable error as it is looking for ashorthikex86 can anyone confirm this would be a pity if the game does not work on 32bit systems thanks tobias
rental boat glitch,hello first of all thanks for such a great game i had the best time playing it the other evening i'm sorry but i can't provide a screenshot for this glitch but i had just parked the rental boat alongside the fisherman's boat and i flew up to talk to him when i was done i went back to the rental boat but i found it compenetrated hopefully this is the right term the fisherman's boat i think this happened because when you leave the rental boat it moves a little so it went partially inside the fisherman's boat i couldn't ride it anymore because just its tip was visible being swallowed for the most part then i started swimming frantically around it hoping it would get unstuck i manged to go inside the fisherman's boat myself and push it out from the inside it took some trial and error because i couldn't see the character anymore since it was hidden
where's the boat rental,i just can't find the bloody thing please help
bug report  got any fish switch version,i'm unable to make a post on bug reports on steam due to owning this game on switch and not steam after taking the boat off the ramp and consequentially breaking it the pelican will fix it for you after they fix it they'll ask if you've got any fish saying yes does not bring up the menu to show them fish as it should closing the game and rebooting it fixed this issue but i just wanted to bring it to your attention
this game is awesome,i just wanted to say this game was worth every penny so very fun if i had one thing against it it would be that the camera flips and then all of a sudden your going flying in a completely different direction than you intended too but that's a very minor issue so dang fun
this game looks amazing,mono path0  'f steamlibrary2 steamapps common a short hike ashorthikedata managed'mono config path  'f steamlibrary2 steamapps common a short hike monobleedingedge etc'initialize engine version 201941f1 e6c045e14e4esubsystems discovering subsystems at path f steamlibrary2 steamapps common a short hike ashorthikedata unitysubsystemsgfxdevice creating device client threaded1direct3d    version  direct3d 110 level 111    renderer nvidia geforce gtx 1080 ti id0x1b06    vendor   null    vram     3072 mb    driver   2621144277begin monomanager reloadassembly completed reload in  0122 secondsd3d11 device created for microsoft media foundation video decoding<ri> initializing input<rihid> failed to create device file 2 the system cannot find the file specified filename  line 55<ri> input initialized<ri> initialized touch supportunloadtime 0481086 mssingleton an instance of quickunitytoolsaudiosoundplayer is needed in the scene so 'resource global singleton soundplayerclone unityenginegameobject' was loaded as a prefab with dontdestroyonload filename c\buildslave\unity\build\runtime export debug debugbindingsh line 35unloading 6 unused serialized files serialized files now loaded 0singleton an instance of timerservicelocator is needed in the scene so 'global singleton timerservicelocator unityenginegameobject' was created with dontdestroyonload filename c\buildslave\unity\build\runtime export debug debugbindingsh line 35timerservicelocator timermanager created a new service in the scene filename c\buildslave\unity\build\runtime export debug debugbindingsh line 35setting up 4 worker threads for enlighten  thread > id 48e8 > priority 1   thread > id 4bc0 > priority 1   thread > id 4688 > priority 1   thread > id 6160 > priority 1 unloadtime 0625949 mssingleton an instance of quickunitytoolsinputuserinputmanager is needed in the scene so 'global singleton quickunitytoolsinputuserinputmanager unityenginegameobject' was created with dontdestroyonload filename c\buildslave\unity\build\runtime export debug debugbindingsh line 35timerservicelocator clearing the cached scene services filename c\buildslave\unity\build\runtime export debug debugbindingsh line 35singleton an instance of customcontrollermanager is needed in the scene so 'global singleton customcontrollermanager unityenginegameobject' was created with dontdestroyonload filename c\buildslave\unity\build\runtime export debug debugbindingsh line 35playerprefsexception could not store preference value  at unityengineplayerprefssetfloat systemstring key systemsingle value 0x00019 in <0dc149e5eb234936a8e8411b3c7fcb83>0   at playerprefsadapter+standardplayerprefssetfloat systemstring key systemsingle value 0x00000 in <60aefd127fa94e068a91fe38c47eaa51>0   at playerprefsadaptersetfloat systemstring key systemsingle value 0x00000 in <60aefd127fa94e068a91fe38c47eaa51>0   at volumesetvolume volume+channel channel systemsingle percent 0x0000d in <60aefd127fa94e068a91fe38c47eaa51>0   at volumeloadvolumeprefs  0x0003b in <60aefd127fa94e068a91fe38c47eaa51>0   at gamesetupstart  0x0000d in <60aefd127fa94e068a91fe38c47eaa51>0  filename <0dc149e5eb234936a8e8411b3c7fcb83> line 0singleton an instance of globaldata is needed in the scene so 'global singleton globaldata unityenginegameobject' was created with dontdestroyonload filename c\buildslave\unity\build\runtime export debug debugbindingsh line 35singleton an instance of servicelocator is needed in the scene so 'global singleton servicelocator unityenginegameobject' was created with dontdestroyonload filename c\buildslave\unity\build\runtime export debug debugbindingsh line 35servicelocator dialoguecontroller located service and caching it filename c\buildslave\unity\build\runtime export debug debugbindingsh line 35timerservicelocator timermanager created a new service in the scene filename c\buildslave\unity\build\runtime export debug debugbindingsh line 35yarn is trying to resettodefaults in this adapter i will not clear things because this should be persistent in this game filename c\buildslave\unity\build\runtime export debug debugbindingsh line 35unloading 56 unused assets to reduce memory usage loaded objects now 3515total 5167781 ms findliveobjects 0210268 ms createobjectmapping 0112160 ms markobjects 4676731 ms  deleteobjects 0168367 ms
i changed the time on my computer and it deleted my save,i wanted to get the achievement for strawberry toastwhich requires the time to be 5pm so i changed the time to try and get it but when i got to the main menu there was no continue option and all the save slots were empty is there any way to get my save back or am i screwed
mouse and keyboard,can you play a short hike also with mouse and keyboard   because i don't have a controller
so too hard for a 5 year old,her mouse precision and keyboard dexterity is poor at best i wouldn't coop with her in a platformer delightful kid but you don't want her on you pubg clan if you know what i mean would this game be good for her  something like rime if you know it is too hard for her
mouse only controls,can this game be played and enjoyed with just a 2button mouse my disability limits me to play with only a 2button mouse
can you fish without bait,i managed to lose the two worms i had during my first very inept attempt at fishing since then i've been trying to fish without bait because most online guides say it's possible just takes a bit longer however i've been at it for an extremely long time now at least 50 attempts at meteor lake without a single catch i'm wondering if i'm doing something wrong  do i need to do something more than just pressing x to reel in my line when the thingy gets pulled under to indicate that a fish is biting i've had a few instances of a fish seemingly pulling at the line while i was trying to reel it in but this invariably ends with my line breaking or the fish escaping or whatever i'm not sure how to interpret the animation there no caught fish anyway
patch history  version 17 released,the latest patch is version 17 released june 29h 2020
Âä†‰∫Ü‰∏≠ÊñáË°•‰∏ÅÂêéÔºåÂø´Âà∞Èπ∞Â≥∞ÂøÖÁÑ∂Èó™ÈÄÄÊÄé‰πàÂäûÔºü,Âä†‰∫Ü‰∏≠ÊñáË°•‰∏ÅÔºåÂæÄ‰∏äÁà¨Â±±ÔºåÁ¨¨‰∫å‰∏™Ê∏©Ê≥âËøáÂéªÔºåÂà∞Â∞èÂæÑÁöÑÊó∂ÂÄôÂøÖÁÑ∂Èó™ÈÄÄÔºåÊ∏∏Êàè‰ΩìÈ™åÂæàÂ∑Æ‚Ä¶‚Ä¶ ËØ∑ÈóÆÊúâ‰ªÄ‰πàÂäûÊ≥ïËß£ÂÜ≥ÂêóÔºü
what happens when i sleep,is the game over can i continue to explore
where do you find the fox,i've been seeing screenshots where a fox takes a cute picture of you and was wondering how to make this happen thanks
sick speedrunning tech discoverd,bro if you stand on top of a chest when you open it you get vaulted into the air it's sick
small islands,i took a swim around the coast and found two small islands  one is tall and has a lot of flowers  the other has a lot of trash  did i miss any
can i burn this,hello in the game there are some camp fires but there are some groups of rocks in circles without fire can i burn it if i can how thanks for reading
completing fishing journal,i was wondering if anyone knew where i might find the 4 missing fish from my journal hot springs sea etc as i can't seem to find them so far i have found  white pink white bass yellow albino yellow perch brook albino brook trout common albino common carp northern albino northern pike rainbow actually rainbow trout bluegill albino bluegill pumpkinseed albino pumpkinseed fish crayfish albino crayfish spotted brown trout apparently i have 4 left to go but i have no idea where to find them anyone know
the way forward is blocked,anyone else trying to enter the caves after breaking the planks with pickaxes and not being able to enter there
plans for a console port,i gotta say this game scratches that botw itch like no other and i would be more than willing to buy again possibly for friends on console if when we get a console release
win all the parkour races,how the hell am i supposed to beat this speed hacker avery on race to the summit i never even have enough feathers to climb all the way up on the last cliff
multiple saves,any way to have multiple saves
hawk peak achievement issue,i made it to the top of the hawk peak where you got phone call from mom and i went down to aunt's cabin and took a nap  the game ended there i only got achievement for  the end  but i'm missing the achievement for  hawk peak   i went back to the top for couple times and still didn't unlock this achievement what can i do what did i miss i don't want to start a new game
this is the ultimate feel good game,
humble bundle shortage of keys,never realised we got steam keys for short hike went to get em today but it says they're exhausted anything i gotta do
looks fun what else can you do in the game other than hiking up a mountain,i saw in the video you can fish can you visit other npc's also note added to my wishlist this appeared in a best of steam list on my friend's page so i looked at it and it looks fun
how can i find the artist guy,i lost my save file accidentally but i remember talking to an artist guy at the lighthouse then the graveyard but he hadn't show up in my new game play how can i find him
russian translate,is it possible to make a russian translation of this game how difficult is it to do can i do this with text files
linux version,gonna be the first to ask any chance there will be a linux version thanks
chinese localization offer,hi all just got into this game and i'm loving it wanna help with the chinese translation if needed have a lovely day afui
silver feathers,i collected something called a silver feather i just want to know if there are more than one
nintendo pro controller support,hi i‚Äôm unable to make the game connect with with my nintendo pro controller i‚Äôve explored the abstruse ‚Äúadvanced controller‚Äù option ingame and tried both steam controller configs is there a way to play the game with the controller thanks
medal,the one you get when beating avery it has any use
keys won't be avaliable through steam anymore from humble bundle,i've been waiting for more than a month to play this but i can't because the key doesn't show and since it was a gift i got i can not use humble bundle to play it does this mean i legit lost a game without any way to play it
how were the graphics made,i‚Äôve just finished the game and woah what a joy i‚Äôm amazed by the graphics style how were they done ‚Äújust‚Äù blender and low poly with a filter how many polygons triangles have the characters sorry for asking so many questions but i‚Äôve never seen this kind of art and to my eyes looks absolutely stunning and i suspect this art is way more complicated to make than it looks congrats on the game gonna recommend it to anybody i can
fix for hang on startup on win 10x64 nvidia,fyi i had to find the ashorthikeexe and modify its compatibility to disable fullscreen optimizations before it would run
feature suggestion visual cue for start of racing minigame for deaf players,hi developers of this game i just bought your game and got to the summit and it was wonderful on the summit i loved the people i met on my way there and i love the backstory of the main character and her family so i just really want to thank you for making this game and for the composer for making such wonderful music now on to my feature request in the racing minigame there are 3 beeps that count down to the start of the race i noticed there are no visual indicators that the race is about to start could there be some kind of symbol or visual cue that the race is starting i'm hard of hearing but still have enough hearing left to hear those beeps and the music but deaf people will hear nothing and will not know that the race is starting thanks goliathfan
keys are temporarily exhausted for this product @ humble,can you fix this
where is the other side for the secret tunnel in the snow area,as the title says found a tunnel near the peak that looks similar to the one with the mine entrance and the entrance near the visitor centre but haven't been able to find the other side to it also are there any more secret tunnels thanks in advance
is this game rift compatible,3d on rift
multiple save states,my son really wants to play this game is there a way to have multiple save states  or is there some sort of work around for this  selecting new game overwrites it
fish are bitting today achievement,hello i've spent an hour and a half fishing and i'm only missing one fish the hint says it's only been seen on the pond with the lilies but i've been fishing there and can't find anything  i'm assuming the pond is the same one where you get the fishing tutorial is there another pond with lilies
alternate route to hawk peak,hey so close to hawk peak you bump into the fox who says the bridge is collapsed and says there might be another way around on the dark side of the mountain does anyone know where this alternate route is i really want to help him get to hawk peak too haha thank you  edit nevermind turns out you need to go to the peak yourself first then speak to him afterwards and lend him 6 feathers d
merch,i want merch
missing a single feather,i'm missing a single feather if  20 is the maximum got 19 i already  bought all feathers of the toast guy  bought all feathers of the mean guy  helped the bunny racer get his band back  helped the camper get his watch back  helped the tent camper camping permission although he didnt give me anything  did the shell delivery quests  raced and won all three races  talked with the white dog at the outlook he wants snacks now  fished every fish once  finished the painter quest line ended at toast guy  got two silver feathers  let the sand castle kid finish his city what about the treasure maps i got three but i don't know whether they result in feathers i finished two of them and they only yielded only coins also the two climbers at the campfire want to climb to the top together tomorrow but that event did not start i even slept to attempt progressing a day
ÂùêÁ≠â‰∏Ä‰∏™Ê±âÂåñmod,Â§ßÂÆ∂Êúâ‰ªÄ‰πàÊ±âÂåñÁªÑÁöÑËÅîÁ≥ªÊñπÂºèÔºå‰∏çË¶ÅÊÄúÊÉú‰Ω†ÁöÑ@
is this game particularly easy,specifically in where to go how to get there etc i'm wanting to get this for my sister who has only really ever played the sims follow up can you click to move the character or does it require arrow keys should i get her a controller does it use the right stick for the camera i've noticed that last bit is an especially large barrier for people who haven't used controllers
final hidden achievement however i dont know what it is,i only have 1 more achievement to get however it is hidden and im not completely sure what it is  im wondering if all of these sticks i've been gathering have something to do with it  or the shell necklace the extra shells  any help would be appreciated   thanks d ps  also maybe something to do with the pickaxes i still have 6 of them  could be the stone circles too there a a few of those  maybe even flying around for a certain amount of time idk just guessing here  catch some rare fish with the golden rod  it could be several things
stolen ac art,that fish shadow and the cracks that you dig look 100 straight ripped out of an animal crossing game not even inspired but actually ripped right
silver feathers,so i got everything in this game and have been everywhere however i got only 2 silver feathers now i ask myself if there isn't a third one since this game likes to have 1 or 3 things of everything anyone got a clue to where it could be or if there even is one extra mountain island and goat quest are done
hiking dog who wants to uproot life to go on daily hikes consequences,there's a whitefurred dog who loves a particular hiking route very much and wishes to go on daily hikes there the dog asks you if you think it should uproot its life and move home to do this i said no hoping i would then get to choose the other option however even after quitting and reloading my game unfortunately the dog wouldn't ask me again i'm now  super curious  what would have happened if i had chosen the other option i feel incredibly responsible for this dog's future does anyone know does it make a difference whenever i talk to the dog now it just says well i gotta get my hike on catch ya later
will there be content updates,i absolutely loved this game got all the achievements too wish we could see more of this game or maybe steam profile icons that would be nice too
a mod to capitalize and punctuate the game's dialogue,here it is on the internet it is in beta and sure to be full of mistaks
can't find the illegal camper again,i talked to the camper once and then found their license but i can't for the life of me find them again to return it one guide says near white beach trail but i've looked all around there and just can't find the darn person can anyone help
how can i get through this tunnel,
chest under sandcastle,on the beach next to aunt may‚Äôs cabin if you dig up the sandcastle you hit something metallic but it won‚Äôt come up any clues
when i can buy dlc and lootboxes with hats,do developers working on some additional payment gameplay for this game when they will add lootboxes there when batle royal mode do they working on craft and building constractor systems
what's the name of this art style,i like the name of this art style it's definitely retro but not just 2d it fits in with older 3d nintendo ds games like animal crossing or phantom hourglass but with those examples this art style simply comes from the limitations of that specific time period whereas here it's on purpose so what's the name of this blend of retro 3d visuals
northern pike bill,i'm missing exactly one fish but i don't know where to get it to make matters worse i did get the albino version of it but not the normal one who is bill edit i ended up finding it it's in meteor lake where you learn how to fish
gamepad problem,hi so i just bought the game and i have a problem with the gamepadthe dpad works but the joystick doesnt workit has like lag or something like thatand its just happens in this game
feature request thread,could we have a text autoadvance option please pressing x twentynine times talking to each character is really tedious i don't think it would ruin the pacing of the conversations either it would be nice
celeste similarities,does this game remind anyone of celeste a girl trying to get to the top of a mountain golden feathers no just me
featherless tips,sooooooooo i've reached the summit entirely featherless via the most  state of the art techniques  such as smashing myself against a ledge until i got over it brute forcing an entire climbing wall by literally just spamming jump and pushing against it however i've reached the last literal wall which i don't want to try and brute force after the last climbing wall  iimgurcom is there some sort of thing that will just boost me up the last tiny bit my fingers are tired from mashing jump and the arrow keys
ultrawide 219,would that be complicated to implement ultrawidescreen resolutions such as 2560x1080 and 3440x1440 the game looks so gorgeous
hawk peak with no feathers,hi i've been trying to reach the top without collecting any feathers progress has halted at the base of the peak to anyone who's reached the top with no feathers could you please share how you got past the last slope without climbing
macos nvidia  workaround for freezes,it seems a few macos users with nvidia graphics cards had an issue where the screen would freeze but you could still hear the game running in the background you can still hear running and jumping sounds until there's a proper fix you can use this method to fix the issue   right click on a short hike in your steam library and click properties   click set launch options   type in forceopengl sorry for any trouble this has caused to the affected users
flickering shadows,i'm getting a weird issue where the shadows flicker the easy to fix is to just turn the shadows off but this is obviously not ideal is this a known issue intel core i54300 haswell at 32ghz 8gb ddr3 ram intel hd 4600 manjaro linux 64bit to emphasise i am using the linux version thanks
hawks peak with six feathers,anybody else get there with six
bug   infinite golden feathers glitch,hello  i discovered something that looks like a glitch by chance i left the game standing on an emplacement of golden feather and when i restarted it to play it says you found a golden feather i redid to be sure and yep i got another golden feather maybe it's the only location that actually works i was standing on the golden feather at the right of the place where i found the water bucket i don't know if it's really a glitch or a bug or maybe an easy way to get golden feathers but maybe it isn't intentional so if it can help
achievement issue,i need some help with the crispy achievement i did everything you need too get it and i still don't have it can anybody help
fun game but,is there any way to remove the pixelation filter i get that the specific look of the game is that of an old fashioned 16bit game but i can tell it's a filter and it really gets in the way of enjoying the game switching it off would really help
typo,this one of my favourite spots rather than this  is  one of my favourite spots love everything you've done with the game keep up the good work
